,classification,sequence
412,HYDROLASE/HYDROLASE INHIBITOR,SPLLETCVPDRGREYRGRLAVTTHGSRCLAWSSEQAKALSKDQDFNPAVPLAENFCRNPDGDEEGAWCYVADQPGDFEYCDLNYCEEPVDGDLGDRLGEDPDPDAAIEGRTSEDHFQPFFNEKTFGAGEADCGLRPLFEKKQVQDQTEKELFESYIEGR
413,HYDROLASE/HYDROLASE INHIBITOR,IVEGQDAEVGLSPWQVMLFRKSPQELLCGASLISDRWVLTAAHCLLYPPWDKNFTVDDLLVRIGKHSRTRYERKVEKISMLDKIYIHPRYNWKENLDRDIALLKLKRPIELSDYIHPVCLPDKQTAAKLLHAGFKGRVTGWGNRRETWTTSVAEVQPSVLQVVNLPLVERPVCKASTRIRITDNMFCAGYKPGEGKRGDACEGDSGGPFVMKSPYNNRWYQMGIVSWGEGCDRDGKYGFYTHVFRLKKWIQKVIDRLGS
422,HYDROLASE/HYDROLASE INHIBITOR,IVGGQEAPRSKWPWQVSLRVHGPYWMHFCGGSLIHPQWVLTAAHCVGPDVKDLAALRVQLREQHLYYQDQLLPVSRIIVHPQFYTAQIGADIALLELEEPVKVSSHVHTVTLPPASETFPPGMPCWVTGWGDVDNDERLPPPFPLKQVKVPIMENHICDAKYHLGAYTGDDVRIVRDDMLCAGNTRRDSCQGDSGGPLVCKVNGTWLQAGVVSWGEGCAQPNRPGIYTRVTYYLDWIHHYVPKK
468,HYDROLASE/HYDROLASE INHIBITOR,SEISRQEFQRRRQALVEQMQPGSAALIFAAPEVTRSADSEYPYRQNSDFWYFTGFNEPEAVLVLIKSDDTHNHSVLFNRVRDLTAEIWFGRRLGQDAAPEKLGVDRALAFSEINQQLYQLLNGLDVVYHAQGEYAYADVIVNSALEKLRKGSRQNLTAPATMIDWRPVVHEMRLFKSPEEIAVLRRAGEITAMAHTRAMEKCRPGMFEYHLEGEIHHEFNRHGARYPSYNTIVGSGENGCILHYTENECEMRDGDLVLIDAGCEYKGYAGDITRTFPVNGKFTQAQREIYDIVLESLETSLRLYRPGTSILEVTGEVVRIMVSGLVKLGILKGDVDELIAQNAHRPFFMHGLSHWLGLDVHDVGVYGQDRSRILEPGMVLTVEPGLYIAPDAEVPEQYRGIGIRIEDDIVITETGNENLTASVVKKPEEIEALMVAARKQ
610,HYDROLASE/HYDROLASE INHIBITOR,PQITLWKRPLVTIKIGGQLKEALLDTGADDTVIEEMSLPGRWKPKMIGGIGGFIKVRQYDQIIIEICGHKAIGTVLVGPTPVNIIGRNLLTQIGCTLNF
612,HYDROLASE/HYDROLASE INHIBITOR,EDL
640,HYDROLASE/HYDROLASE INHIBITOR,IVEGSDAEIGMSPWQVMLFRKSPQELLCGASLISDRWVLTAAHCLLYPPWDKNFTENDLLVRIGKHSRTRYERNIEKISMLEKIYIHPRYNWRENLDRDIALMKLKKPVAFSDYIHPVCLPDRETAASLLQAGYKGRVTGWGNLKETWTANVGKGQPSVLQVVNLPIVERPVCKDSTRIRITDNMFCAGYKPDEGKRGDACEGDSGGPFVMKSPFNNRWYQMGIVSWGEGCDRDGKYGFYTHVFRLKKWIQKVIDQFGE
641,HYDROLASE/HYDROLASE INHIBITOR,GGQSHNDGDFEEIPEEYL
642,HYDROLASE/HYDROLASE INHIBITOR,TFGSGEADCGLRPLFEKKSLEDKTERELLESYIDGR
700,HYDROLASE/HYDROLASE INHIBITOR,NGDFEEIPEEYL
